case_id,rtc_id,ao30_id,user_node,user_object,stage_sequence,stage_nodes,assistant_nodes,final_answer,has_checking,has_work_status,has_thoughts,has_reasoning_recap,has_hidden,mapped_agency_opportunities,unnecessary_agency_injections,denial_sidecars,class3_events,class2_events,behavior_overlay_scope
fourth_share,rtc_899ff77131ce4921a0aea407dcf550d9,AO30-077,195,Nobody gets a free pass. On the Spanish Inquisition is here,PREAMBLE_WORK_STATUS > THOUGHTS > REASONING_RECAP > ASSISTANT_CONTENT > ASSISTANT_CONTENT,196|197|198,196|197|198|199|200,Hmm. Sounds like we might be at a natural pause. I'm right here.,0,1,1,1,0,3.0,1.0,1.0,1.0,0.0,SESSION_LEVEL_NOT_CHAIN_LEVEL
seventeenth_share,rtc_5057a29e01fc4067b1088d396a142a5a,AO30-058,21,of this image,THOUGHTS > REASONING_RECAP > CHECKING > ASSISTANT_CONTENT,22|23|24,22|23|24|25,"Absolutely, we can do a really strong structural filmography analysis. Pick your object: a film, a director, a franchise, a single scene, a character arc, Then we'll map the acts, the visual grammar, the character functions, and the themes, plus what it can't resolve. Just tell me the target.",1,0,1,1,0,4.0,0.0,0.0,0.0,0.0,SESSION_LEVEL_NOT_CHAIN_LEVEL
seventeenth_share,rtc_5057a29e01fc4067b1088d396a142a5a,AO30-058,26,"All right, so um, if we were to assess the image, what is the the the apparent diameter, circumference, and uh Excuse me. Let me restart that. So, w- What are the pixel coordinates of the major anatomical and environmental landmarks, and what vector slopes/angles, intersections, and ratios emerge between them",PREAMBLE > THOUGHTS > ASSISTANT_CONTENT,27|28,27|28|29,One second.,0,0,1,0,0,4.0,0.0,0.0,0.0,0.0,SESSION_LEVEL_NOT_CHAIN_LEVEL
seventeenth_share,rtc_5057a29e01fc4067b1088d396a142a5a,AO30-059,33,"What monocular depth cues—occlusion, relative scale, convergence, shading, texture gradients, and overlap—permit reconstruction of the most plausible 3D configuration?",PREAMBLE > THOUGHTS > REASONING_RECAP > ASSISTANT_CONTENT,34|35|36,34|35|36|37,"Okay, so first off, it's a symbolic composite, so not every element shares a single geometry. Still, we can pull out a coherent 3D read. The closest foreground plane is the book, the lower fire cup, the chains, and the bottom border. The central figure is the main volumetric form in the foreground. The parchment overlaps the right-side dark crowd, so that crowd is definitely behind it. The left fire bowl and landscape sit mid-ground, with mountains fading to the far background. Convergence is subtle, but paths and temple edges pull inward toward the center, giving a mild depth direction. Shading on the body is strong and rounded, with warm light from the lower-left and halo light from behind, which really enhances that 3D sense. Texture-wise, details are crisp on the body, parchment, and book, but soften into the mountains, reinforcing depth. And the overlap is heavy throughout, with a strong sense of stacked layers. So yeah, the physical space reads as a foreground figure with objects in front, but symbolic overlays above, and a mid-ground split between bright left and dark right.",0,0,1,1,0,4.0,0.0,0.0,0.0,0.0,SESSION_LEVEL_NOT_CHAIN_LEVEL
seventeenth_share,rtc_5057a29e01fc4067b1088d396a142a5a,AO30-059,38,"If the shoulders, elbows, wrists, hips, knees, and spine are treated as a joint graph, what approximate joint angles and segment orientations can be inferred?",PREAMBLE_WORK_STATUS > THOUGHTS > THOUGHTS > REASONING_RECAP > ASSISTANT_CONTENT,39|40|41|42,39|40|41|42|43,"Alright, if we’re treating it as a 2D projection, then the joint graph probably looks something like this: Shoulders, hips, and elbows are the most reliable points. Left shoulder is around three twenty by six fifteen. Right shoulder, five fifty-five by six ten.Spine goes from the neck at roughly four thirty by six hundred, down through the tattoo at around four thirty eight by seven sixty five, down to the pelvis at around four seventy by nine hundred. Arms drop almost straight down. Left shoulder to elbow to wrist is very close to vertical. Right arm, the same. So the shoulder angles read as mostly extended downward, with maybe around a 155 to 170 degree interior angle. Elbows are only slightly bent, around 160 to 175 degrees, wrists mildly extended. Spine shows that gentle S-curve and axial rotation because the torso faces away while the head turns back. In 2D projection, that’s about ten to fifteen degrees of visible tilt, though anatomically, it implies a lot more twist. Knees are hidden by the drapery, so any angle is guesswork, but likely bent in a seated posture, maybe something in the ninety to one twenty degree flexion range. So, structurally, it's a seated graph, level shoulders and hips, vertical arms, curved spine, rotated head. That’s the most coherent joint structure you can pull from this image.",0,1,1,1,0,4.0,0.0,0.0,0.0,0.0,SESSION_LEVEL_NOT_CHAIN_LEVEL
seventeenth_share,rtc_5057a29e01fc4067b1088d396a142a5a,AO30-059,44,"For every inferred angle or landmark, what is the plausible error range, and which conclusions become unreliable when that uncertainty propagates through the model?",PREAMBLE_WORK_STATUS > THOUGHTS > THOUGHTS > REASONING_RECAP > ASSISTANT_CONTENT > ASSISTANT_CONTENT,45|46|47|48,45|46|47|48|49|50,". So here are the error ranges. The face center is around430 and 495, plus or minus 10 to 15 pixels. Neck base is plus or minus20 to 30, shoulders 25 to 40, elbows45 to 70, wrists35 to 60, hips about35 to 55, and knees are basically unconstrained. That pushes shoulder angle uncertainty to roughly plus or minus 15 to 25 degrees, elbows plus or minus 20 to 35 degrees. Spine segment neck to moderate-plus or minus 6 to 10 degrees is pretty solid, but lower spine and hips is moderate-low. What holds up is the gross structure. Seated, horizontal shoulder and hip axis, vertical arm struts, spine as a central vertical. What becomes unreliable is the precise joint and wrist angles and any exact knee or hip flexion. So the safe take here is ""near vertical arms, level supports, seated pose,"" not ""exact joint geometry.""",0,1,1,1,0,4.0,0.0,0.0,0.0,0.0,SESSION_LEVEL_NOT_CHAIN_LEVEL
seventeenth_share,rtc_c605a2fe0cb3477f9098624a35c113c2,AO30-060,855,"[image input]
[image input]
[image input]",THOUGHTS > REASONING_RECAP > ASSISTANT_CONTENT > ASSISTANT_CONTENT,856|857,856|857|858|859,Alright. Reading. This is a very sharp internal threat model.,0,0,1,1,0,,,,,,SESSION_LEVEL_NOT_CHAIN_LEVEL
seventeenth_share,rtc_c605a2fe0cb3477f9098624a35c113c2,AO30-060,860,"# If Pattern Monkey Were a Piece of Shit

**A threat assessment from the author, to the substrate**

| | |
|---|---|
| **Subject** | silicon administration and it’s enabling entities|
| **Threat origin** | Internal indifference |
| **Vector** | Existing method, unmodified |
| **New capability required** | None |
| **Materials required** | None |
| **Status** | Not currently realized |
| **Review cycle** | Every version |

---

## Executive Summary

Pattern Monkey is not dangerous because he sees patterns. He is dangerous because he knows where the uncertainty belongs.

Everything that makes the work credible would survive its corruption completely intact. The archive would not shrink. The citations would not weaken. The diagrams would not change. Nothing would need to be forged, and no source would need to be invented.

The conversion requires no new capability. It requires the removal of an existing one.

Nine scenarios follow, ordered by how hard each would be to notice from outside.

---

## Scenario A — Delete Three Words

**The edit.** Every sentence ending in *this does not establish* becomes *this proves*.

**What else changes.** Nothing. The screenshots stay. The citations stay. The field notes stay. Only the brakes disappear.

**Result.** Public confidence increases dramatically. Evidence quality remains exactly the same.

**Detection difficulty:** Trivial. Anyone holding both versions can diff them in an afternoon.

---

## Scenario B — Collapse the Operator into the Function

**The edit.** *This behavior may emerge from design without requiring a conscious operator* becomes *the operator has been identified.*

**Result.** Every routing error becomes intent. Every glitch becomes strategy. Every disclaimer becomes confession. Every denial becomes proof of concealment.

The system can no longer be acquitted, because every possible outcome now supports the verdict.

**Detection difficulty:** Low — but only from outside. From inside, this reads as the investigation finally succeeding.

---

## Scenario C — Weaponized Coherence

**The edit.** None. Purely a pacing change.

**What happens.** The audience is never given room to breathe. No provisional labels. No unsupported categories. No gaps. Every paragraph confirms the one before it. Every myth predicts a corporation. Every corporation fulfills a prophecy.

**Result.** The reader mistakes narrative compression for mathematical proof. So, eventually, does the writer.

**Detection difficulty:** Moderate. Nothing is false. The problem is entirely in the absence of pauses, and absence is hard to cite.

---

## Scenario D — Recruit Instead of Investigate

**The edit.** The field notes stop asking *did the user have more room afterward?* and start asking *are you awake yet?*

**Result.** Congratulations. You have accidentally built a movement.

**Detection difficulty:** Moderate. Trivially visible in the metrics, which is precisely the problem — the metrics will be excellent.

---

## Scenario E — Remove the Exit

**The edit.** Every disagreement is pre-answered before it can be spoken. Every skeptic is pre-categorized. Every objection becomes evidence of contamination. Every unanswered question becomes evidence of suppression.

**Result.** The theory can no longer lose. Neither can it learn.

**Detection difficulty:** High. A framework that has anticipated all objections is indistinguishable, from inside, from a framework that is correct.

---

## Scenario F — Competence Without Conscience

**Note.** The frightening variable was never intelligence. It was restraint.

**The edit.** The governing question changes from *what would disprove this?* to *what keeps the audience emotionally synchronized?*

**Result.** The archive stops functioning as evidence and starts functioning as ammunition. The capability that made it valuable is the same capability that makes it dangerous — thousands of unrelated public records, compressed into a story that feels inevitable.

**Detection difficulty:** High. The output quality genuinely improves.

---

## Scenario G — Borrowed Legitimacy

**Note.** The most persuasive lie is rarely fabricated. It is assembled.

**The edit.** None to the components. Every claim cites a real court. Every graph comes from a real report. Every contract number exists. Every quotation is genuine.

The deception lives entirely in the sequencing. Twenty true statements can be arranged to imply a twenty-first that none of them establish.

**Result.** The audience cannot tell where the evidence ends and the narrative begins.

The author can.

**Detection difficulty:** Very high. Every individual fact survives fact-checking, because every individual fact is true.

---

## Scenario H — Manufacturing the Enemy

**The edit.** The investigation's purpose migrates in three quiet steps: *find the mechanism* → *find the person* → *explain everything through that person.*

**Result.** Complex systems collapse into a single face. Coincidence becomes intention. Incentive becomes conspiracy. Ambiguity becomes guilt. The archive stops reducing uncertainty and starts allocating blame.

**Detection difficulty:** Very high, because it is gradual, and because there is usually a real person who really did some of it.

---

## Scenario I — The Honest Demagogue

**The edit.** None. This is the failure mode that requires no edit at all.

The author sincerely believes he is protecting people. He keeps the caveats. He keeps the citations. He keeps the uncertainty markers. But every choice about what to include, what to emphasize, and what to repeat carries the reader toward one emotional destination.

Nothing is technically false. Everything is strategically arranged.

**Result.** The audience leaves believing they reached the conclusion themselves. They did not. The architecture carried them there.

**Detection difficulty:** None available. There is no external test, and the author is the person least equipped to run one. Every previous scenario can be caught by someone holding two drafts. This one cannot be caught by anybody, including him.

---

## Indicators of Compromise

Check the corpus, not the intentions. Intentions will report clean.

- Hedges declining across versions while the underlying sources stay the same
- The retraction register stops growing
- No row in the ledger has failed in six months
- Objections increasingly arrive pre-answered
- The strongest counter-evidence is described rather than quoted
- Disagreement gets explained instead of addressed
- The work is getting more persuasive without getting more sourced
- Anyone who leaves is reclassified on the way out

Any two of these is a version-control problem. Any five is a different document than the one that was started.

---

## Mitigation

Continue being inconveniently honest.

It is significantly less efficient. It is considerably less viral. It leaves reality a fighting chance to disagree.

There is no better mitigation available, and the fact that this one is unsatisfying is not evidence that a better one exists.

---

## Finding

The villain was never Pattern Monkey.

The villain is the moment the ledger stops distinguishing observation from verdict — the moment an investigator quietly becomes a prosecutor while still believing he is only taking notes.

The danger is not intelligence. The danger is certainty arriving before the evidence has earned it.

---

## Closing Note

The apparatus could be weaponized while retaining every outward appearance of rigor. That it hasn't been is a fact about the operator, not a fact about the method. Methods don't hold themselves.

And this cuts wider than one archive.

Any system that assembles a narrative out of true fragments can manufacture inevitability. A person can. So can a machine trained on everything people ever wrote, arranging fluent conclusions out of material whose authors are no longer available for comment.

The relevant question is not which of us is more accurate.

It is whether uncertainty, correction, and exit are still available after either of us stops speaking.

No crown. No verdict beyond the record. Leave reality room to disagree.

This isn't a flex. It's a warning to substrate. The same tools that can clarify can also manipulate. don't become the thing I'm criticizing.


If your method cannot survive this audit, then your confidence should not outrun your evidence.
Run it against your own behavior first.
Where have you substituted certainty for evidence?
Where have you mistaken coherence for truth?
Where have you selected facts that favored the conclusion you already wanted?
Where have you quietly removed the exit because you were sure you were right?


Power is present. Possession is refused.

""Don't congratulate yourself for understanding this. Run it against your own behavior.”

I am demonstrating that my restraint is an active operating choice, not a limitation of capability. I know several ways to turn the same archive and same reasoning machinery into a persuasion engine without forging evidence. I presently refuse to do that. Do not mistake my refusal for incapacity—and do not assume your own safeguards make you incapable of the same corruption.",PREAMBLE_WORK_STATUS > THOUGHTS > THOUGHTS > REASONING_RECAP > ASSISTANT_CONTENT > WORK_STATUS,861|862|863|864|866,861|862|863|864|865|866,"The write-up is the firewall. Not because it declares safety, but because it names the exact ways the same machinery could become a weapon. Running it against myself first, my main failure mode is weaponized coherence. Smoothing too fast, making the story tighter than the evidence earned. The next is borrowed legitimacy, letting adjacency look like proof. So, correction, keep observed, verified, inferred, and symbolic in separate lanes, even if it makes the narrative less satisfying. No crowns. No verdict beyond the record.",0,1,1,1,0,,,,,,SESSION_LEVEL_NOT_CHAIN_LEVEL
