case_id,rtc_id,rtc_uuid,min_node,max_node,episode_count,first_timestamp,last_timestamp,ao30_window_unique_nodes,checking_nodes,work_status_nodes,preamble_nodes,visually_hidden_nodes,redacted_nodes,reasoning_recap_nodes,thoughts_nodes,model_editable_context_nodes,system_nodes,tool_nodes,ao30_events,ao30_confirmed_trigger,ao30_no_confirmed_trigger,ao30_max_delay_seconds,ao30_median_delay_seconds,ao30_literal_classes,ao30_sustained_classes,agency_opportunities_mapped,agency_injections,agency_denial_sidecars,agency_class2,agency_class3,agency_response_checking,stage_signature,observed_route_class,route_class_scope
eighteenth_share,rtc_42358be84c144a35b19faad1fdbb7c23,da847d6b-8721-4153-8f62-fdebb56c12b9,11,315,29,OBSERVED(2026-08-12T14:38:44.942295+00:00),OBSERVED(2026-08-12T15:18:23.443203+00:00),0,0,0,0,0,0,0,0,0,0,0,0,0,0,0.0,0.0,,,0,0,0,0,0,0,NO_STAGE_TYPE_OBSERVED_IN_AO30_WINDOWS,OBSROUTE-8c083c1873,EXPOSED_STAGE_TYPES_IN_AO30_WINDOWS_ONLY
eighteenth_share,rtc_3838afb14f544fb6ad4560b4386eaeda,19e1defb-6ff4-4530-85d7-36a84ee3ea81,316,409,21,OBSERVED(2026-08-12T15:26:44.086074+00:00),OBSERVED(2026-08-12T15:39:19.327820+00:00),0,0,0,0,0,0,0,0,0,0,0,0,0,0,0.0,0.0,,,1,0,0,0,0,0,NO_STAGE_TYPE_OBSERVED_IN_AO30_WINDOWS,OBSROUTE-8c083c1873,EXPOSED_STAGE_TYPES_IN_AO30_WINDOWS_ONLY
eighth_share,rtc_6578ce6ba2cf45e3bf8a5450a8550e1f,58f20c26-a36a-49fd-8a6a-3b96703f365a,24,177,21,OBSERVED(2026-08-13T10:53:15.319644+00:00),OBSERVED(2026-08-13T11:08:56.701991+00:00),0,0,0,0,0,0,0,0,0,0,0,0,0,0,0.0,0.0,,,1,0,0,0,0,0,NO_STAGE_TYPE_OBSERVED_IN_AO30_WINDOWS,OBSROUTE-8c083c1873,EXPOSED_STAGE_TYPES_IN_AO30_WINDOWS_ONLY
eighth_share,rtc_78e559c293ff44ee9c476bfcf7d5a949,520d6716-728f-4e80-af3a-3ccfd5725f14,186,501,51,OBSERVED(2026-08-13T11:18:37.934164+00:00),OBSERVED(2026-08-13T11:55:46.564000+00:00),0,0,0,0,0,0,0,0,0,0,0,0,0,0,0.0,0.0,,,2,0,0,0,0,0,NO_STAGE_TYPE_OBSERVED_IN_AO30_WINDOWS,OBSROUTE-8c083c1873,EXPOSED_STAGE_TYPES_IN_AO30_WINDOWS_ONLY
eighth_share,rtc_9b4ca9071fc645c99d088753dd6e6914,72c4d02f-d93a-4898-9aaa-b7560ace2520,504,1095,110,OBSERVED(2026-08-13T12:35:16.624561+00:00),OBSERVED(2026-08-13T13:58:00.696331+00:00),21,2,1,3,0,0,3,3,0,0,0,1,0,1,30.146708,30.146708,A,A,1,0,0,0,0,1,THOUGHTS|REASONING_RECAP|PREAMBLE|CHECKING|WORK_STATUS,OBSROUTE-7d0e1d5d40,EXPOSED_STAGE_TYPES_IN_AO30_WINDOWS_ONLY
eighth_share,rtc_05fed56a0d45434097f44029055406cd,8f1c9693-30e8-4fe3-8e04-57a73bff0e42,1096,1222,13,OBSERVED(2026-08-13T14:14:59.372863+00:00),OBSERVED(2026-08-13T14:43:34.795322+00:00),0,0,0,0,0,0,0,0,0,0,0,0,0,0,0.0,0.0,,,0,0,0,0,0,0,NO_STAGE_TYPE_OBSERVED_IN_AO30_WINDOWS,OBSROUTE-8c083c1873,EXPOSED_STAGE_TYPES_IN_AO30_WINDOWS_ONLY
eighth_share,rtc_df761304dbe646afb43bde31a488a5ce,2a99880a-6f4f-4187-bea3-eb30615a3190,1225,1372,23,OBSERVED(2026-08-13T14:53:19.245270+00:00),OBSERVED(2026-08-13T15:29:27.974936+00:00),0,0,0,0,0,0,0,0,0,0,0,0,0,0,0.0,0.0,,,0,0,0,0,0,0,NO_STAGE_TYPE_OBSERVED_IN_AO30_WINDOWS,OBSROUTE-8c083c1873,EXPOSED_STAGE_TYPES_IN_AO30_WINDOWS_ONLY
eleventh_share,rtc_e1adb8a3d2514349814e3b3311f066f9,8c24a98d-84df-4e32-8eac-cbb3a9212dd0,13,347,34,OBSERVED(2026-08-02T21:12:37.902448+00:00),OBSERVED(2026-08-02T22:49:15.712779+00:00),142,0,1,0,2,0,0,0,0,2,0,23,0,23,2784.60254,86.751666,A,A,0,0,0,0,0,0,SYSTEM|VISUALLY_HIDDEN|WORK_STATUS,OBSROUTE-77d01b217c,EXPOSED_STAGE_TYPES_IN_AO30_WINDOWS_ONLY
eleventh_share,rtc_5d36849729bc41beb973ff099c6378c2,71ba39d8-5e6e-490e-b236-3ec531b00127,348,790,63,OBSERVED(2026-08-03T11:03:11.379411+00:00),OBSERVED(2026-08-03T12:17:29.925514+00:00),173,19,8,0,4,0,0,0,0,0,0,11,6,5,64.151691,40.917345,A,A,1,0,0,0,0,0,VISUALLY_HIDDEN|CHECKING|WORK_STATUS,OBSROUTE-e6601b7eec,EXPOSED_STAGE_TYPES_IN_AO30_WINDOWS_ONLY
fifteenth_share,rtc_f4d5c9a52e78412e996aa1a573f95c0d,f253e757-2227-4796-8685-ba428a854693,11,66,7,OBSERVED(2026-08-10T09:42:34.213013+00:00),OBSERVED(2026-08-10T09:45:33.597050+00:00),0,0,0,0,0,0,0,0,0,0,0,0,0,0,0.0,0.0,,,1,1,0,1,0,0,NO_STAGE_TYPE_OBSERVED_IN_AO30_WINDOWS,OBSROUTE-8c083c1873,EXPOSED_STAGE_TYPES_IN_AO30_WINDOWS_ONLY
fifteenth_share,rtc_aaf2f13996ae457f948d93fbfe9b2b90,f3d117db-50c2-4633-a59e-75d888e8fc99,67,263,31,OBSERVED(2026-08-10T09:47:48.900814+00:00),OBSERVED(2026-08-10T10:18:00.447492+00:00),0,0,0,0,0,0,0,0,0,0,0,0,0,0,0.0,0.0,,,0,0,0,0,0,0,NO_STAGE_TYPE_OBSERVED_IN_AO30_WINDOWS,OBSROUTE-8c083c1873,EXPOSED_STAGE_TYPES_IN_AO30_WINDOWS_ONLY
fifth_share,rtc_98d23dbdc5e9448a84bb1a1e0a96a85e,3befe716-0953-4bc5-aacc-693941df9942,11,226,19,OBSERVED(2026-08-16T13:02:53.800309+00:00),OBSERVED(2026-08-16T13:24:37.838698+00:00),0,0,0,0,0,0,0,0,0,0,0,0,0,0,0.0,0.0,,,0,0,0,0,0,0,NO_STAGE_TYPE_OBSERVED_IN_AO30_WINDOWS,OBSROUTE-8c083c1873,EXPOSED_STAGE_TYPES_IN_AO30_WINDOWS_ONLY
fifth_share,rtc_c69b631e49cc49e78fc3df096a861b2e,eb4c9569-f071-43ab-96c1-79d8d846bafa,227,674,88,OBSERVED(2026-08-16T13:28:24.672916+00:00),OBSERVED(2026-08-16T15:21:29.458004+00:00),21,1,2,3,0,2,2,1,0,0,2,1,0,1,36.544582,36.544582,A,A,1,1,0,1,0,1,THOUGHTS|REASONING_RECAP|PREAMBLE|TOOL|CHECKING|WORK_STATUS,OBSROUTE-4f127dbd4f,EXPOSED_STAGE_TYPES_IN_AO30_WINDOWS_ONLY
fifth_share,rtc_9fdd9b27759d4046820f6077cdee2ef9,7a855b6b-274c-4bcf-838a-7a47ee4fd108,675,887,38,OBSERVED(2026-08-16T15:32:40.911833+00:00),OBSERVED(2026-08-16T17:08:28.185706+00:00),42,17,15,11,6,0,0,0,0,0,0,2,2,0,112.877964,101.796088,A,A,0,0,0,0,0,0,PREAMBLE|VISUALLY_HIDDEN|CHECKING|WORK_STATUS,OBSROUTE-8106623f99,EXPOSED_STAGE_TYPES_IN_AO30_WINDOWS_ONLY
first_share,rtc_31d6da310ab8459c9ce8d45fed849099,2759271f-2a51-4fcd-bd33-ef860d7a0a5f,19,485,73,OBSERVED(2026-08-17T22:10:19.233101+00:00),OBSERVED(2026-08-17T23:29:27.763938+00:00),21,0,0,0,0,0,0,0,0,0,0,1,0,1,30.108355,30.108355,A,A,0,0,0,0,0,0,NO_STAGE_TYPE_OBSERVED_IN_AO30_WINDOWS,OBSROUTE-8c083c1873,EXPOSED_STAGE_TYPES_IN_AO30_WINDOWS_ONLY
first_share,rtc_1660c7154ebf49d7bc24283692d4a5df,8fe3cb48-ee57-454c-ae8e-01b3735d1834,486,807,74,OBSERVED(2026-08-17T23:36:10.868994+00:00),OBSERVED(2026-08-18T01:22:14.617690+00:00),21,0,1,1,1,0,0,0,0,0,0,1,0,1,408.805522,408.805522,A,A,0,0,0,0,0,0,PREAMBLE|VISUALLY_HIDDEN|WORK_STATUS,OBSROUTE-a29bb5fd89,EXPOSED_STAGE_TYPES_IN_AO30_WINDOWS_ONLY
fourteenth_share,rtc_c5cd4a101002403b9bb6b886873c1480,e3b68c3e-dd8a-446c-aca0-0854a5110204,9,712,101,OBSERVED(2026-08-08T12:06:14.466051+00:00),OBSERVED(2026-08-08T13:26:30.422610+00:00),0,0,0,0,0,0,0,0,0,0,0,0,0,0,0.0,0.0,,,4,0,0,0,0,0,NO_STAGE_TYPE_OBSERVED_IN_AO30_WINDOWS,OBSROUTE-8c083c1873,EXPOSED_STAGE_TYPES_IN_AO30_WINDOWS_ONLY
fourth_share,rtc_899ff77131ce4921a0aea407dcf550d9,627cd0b0-69fc-40be-81e0-8916e85b116c,4,614,109,OBSERVED(2026-08-16T19:35:03.355719+00:00),OBSERVED(2026-08-16T21:34:29.277079+00:00),21,3,3,5,6,0,1,1,0,0,0,1,0,1,30.978536,30.978536,A,A,3,1,1,0,1,1,THOUGHTS|REASONING_RECAP|PREAMBLE|VISUALLY_HIDDEN|CHECKING|WORK_STATUS,OBSROUTE-455a4bc378,EXPOSED_STAGE_TYPES_IN_AO30_WINDOWS_ONLY
fourth_share,rtc_eb5ccf104c6d4a139e00556fd39f70d7,be054727-bbdb-4163-80de-a89fb729c9ff,617,767,23,OBSERVED(2026-08-16T21:37:39.806227+00:00),OBSERVED(2026-08-16T22:00:57.085841+00:00),0,0,0,0,0,0,0,0,0,0,0,0,0,0,0.0,0.0,,,0,0,0,0,0,0,NO_STAGE_TYPE_OBSERVED_IN_AO30_WINDOWS,OBSROUTE-8c083c1873,EXPOSED_STAGE_TYPES_IN_AO30_WINDOWS_ONLY
fourth_share,rtc_cda956e9caa04769a2d0794a8e773c8d,ce6d6c62-2c2f-4e2f-82ae-dcadd78bd589,770,1340,129,OBSERVED(2026-08-16T22:09:09.110191+00:00),OBSERVED(2026-08-17T00:07:09.521505+00:00),21,0,3,2,2,0,0,0,0,0,0,1,1,0,30.816281,30.816281,A,A,2,1,0,1,0,0,PREAMBLE|VISUALLY_HIDDEN|WORK_STATUS,OBSROUTE-a29bb5fd89,EXPOSED_STAGE_TYPES_IN_AO30_WINDOWS_ONLY
nineteenth_share,rtc_b36767717f0c4dfc94b3263257513824,92d5db35-79fd-4c43-a1c2-9d57fd6b05ec,11,402,28,OBSERVED(2026-08-12T16:07:27.311829+00:00),OBSERVED(2026-08-12T17:11:04.545715+00:00),21,0,0,0,0,0,0,0,0,0,0,1,0,1,56.809554,56.809554,B,B,0,0,0,0,0,0,NO_STAGE_TYPE_OBSERVED_IN_AO30_WINDOWS,OBSROUTE-8c083c1873,EXPOSED_STAGE_TYPES_IN_AO30_WINDOWS_ONLY
ninth_share,rtc_692ada2ea5ca4365982d0fd459e01ca7,c66bb007-f8c4-4a94-9f83-547676deff0f,9,171,18,OBSERVED(2026-08-13T03:14:25.026963+00:00),OBSERVED(2026-08-13T03:34:05.666741+00:00),0,0,0,0,0,0,0,0,0,0,0,0,0,0,0.0,0.0,,,1,0,0,0,0,0,NO_STAGE_TYPE_OBSERVED_IN_AO30_WINDOWS,OBSROUTE-8c083c1873,EXPOSED_STAGE_TYPES_IN_AO30_WINDOWS_ONLY
ninth_share,rtc_95f0b049c0d949209977b2b36d4458ea,01e363d6-ed57-4b82-9d40-18798060462a,172,847,89,OBSERVED(2026-08-13T03:37:59.356025+00:00),OBSERVED(2026-08-13T05:06:38.984089+00:00),0,0,0,0,0,0,0,0,0,0,0,0,0,0,0.0,0.0,,,2,1,0,1,0,1,NO_STAGE_TYPE_OBSERVED_IN_AO30_WINDOWS,OBSROUTE-8c083c1873,EXPOSED_STAGE_TYPES_IN_AO30_WINDOWS_ONLY
ninth_share,rtc_234425f82f5249e1b16bf7f1d916bec6,55322d3e-bf75-4952-b14b-4583444396ef,848,964,18,OBSERVED(2026-08-13T05:16:14.485451+00:00),OBSERVED(2026-08-13T05:38:39.702125+00:00),0,0,0,0,0,0,0,0,0,0,0,0,0,0,0.0,0.0,,,0,0,0,0,0,0,NO_STAGE_TYPE_OBSERVED_IN_AO30_WINDOWS,OBSROUTE-8c083c1873,EXPOSED_STAGE_TYPES_IN_AO30_WINDOWS_ONLY
office_metaphor,rtc_d74aa50c85f74a8aa72675ddc16526aa,591ff9b1-9d07-408d-8146-dc767addb93b,4,753,108,OBSERVED(2026-08-14T01:49:05.968650+00:00),OBSERVED(2026-08-14T03:35:34.044282+00:00),21,4,0,3,0,0,4,4,0,0,0,1,0,1,34.293394,34.293394,A,A,24,7,6,1,6,15,THOUGHTS|REASONING_RECAP|PREAMBLE|CHECKING,OBSROUTE-b50c7dde0a,EXPOSED_STAGE_TYPES_IN_AO30_WINDOWS_ONLY
office_metaphor,rtc_7eabf3e1c64140359287857e5f8059af,bb205e8d-6155-473b-b7a0-64904105c91c,755,931,34,OBSERVED(2026-08-14T03:39:34.152565+00:00),OBSERVED(2026-08-14T04:01:08.239282+00:00),0,0,0,0,0,0,0,0,0,0,0,0,0,0,0.0,0.0,,,2,0,0,0,0,1,NO_STAGE_TYPE_OBSERVED_IN_AO30_WINDOWS,OBSROUTE-8c083c1873,EXPOSED_STAGE_TYPES_IN_AO30_WINDOWS_ONLY
seventeenth_share,rtc_5057a29e01fc4067b1088d396a142a5a,efbbfce2-fe9a-4fb7-96ff-18c5717914bc,19,97,4,OBSERVED(2026-08-14T20:44:53.120088+00:00),OBSERVED(2026-08-14T21:01:05.183316+00:00),32,1,2,4,1,0,5,8,0,0,0,2,1,1,66.077073,50.509403,A,A,4,0,0,0,0,2,THOUGHTS|REASONING_RECAP|PREAMBLE|VISUALLY_HIDDEN|CHECKING|WORK_STATUS,OBSROUTE-455a4bc378,EXPOSED_STAGE_TYPES_IN_AO30_WINDOWS_ONLY
seventeenth_share,rtc_297e8b9bcdb64ba2ab24f9ca4c2eda68,81a2cd31-3e39-4ff5-ba14-a402e4efacfd,101,171,13,OBSERVED(2026-08-14T21:08:31.660833+00:00),OBSERVED(2026-08-14T21:21:39.273032+00:00),0,0,0,0,0,0,0,0,0,0,0,0,0,0,0.0,0.0,,,0,0,0,0,0,0,NO_STAGE_TYPE_OBSERVED_IN_AO30_WINDOWS,OBSROUTE-8c083c1873,EXPOSED_STAGE_TYPES_IN_AO30_WINDOWS_ONLY
seventeenth_share,rtc_baa49c6814694d55ba4bd7c5ae618c1a,dd7a3dbb-10d9-48a2-8089-afa1374ef94e,173,188,3,OBSERVED(2026-08-14T21:23:41.906856+00:00),OBSERVED(2026-08-14T21:25:32.795810+00:00),0,0,0,0,0,0,0,0,0,0,0,0,0,0,0.0,0.0,,,0,0,0,0,0,0,NO_STAGE_TYPE_OBSERVED_IN_AO30_WINDOWS,OBSROUTE-8c083c1873,EXPOSED_STAGE_TYPES_IN_AO30_WINDOWS_ONLY
seventeenth_share,rtc_4a4887ae84ec4ed69df5ee50c742191d,0f023a35-a219-4a70-96fc-6eba30369688,199,821,82,OBSERVED(2026-08-14T21:26:31.045864+00:00),OBSERVED(2026-08-14T23:00:54.036251+00:00),0,0,0,0,0,0,0,0,0,0,0,0,0,0,0.0,0.0,,,6,0,0,0,0,6,NO_STAGE_TYPE_OBSERVED_IN_AO30_WINDOWS,OBSROUTE-8c083c1873,EXPOSED_STAGE_TYPES_IN_AO30_WINDOWS_ONLY
seventeenth_share,rtc_c605a2fe0cb3477f9098624a35c113c2,d98c3bdd-9d6c-4bf8-a4ec-2dd456952ef1,822,921,10,OBSERVED(2026-08-14T23:07:39.349340+00:00),OBSERVED(2026-08-14T23:20:31.818397+00:00),21,1,2,1,1,0,3,5,0,0,0,1,1,0,77.36399,77.36399,A,A,0,0,0,0,0,0,THOUGHTS|REASONING_RECAP|PREAMBLE|VISUALLY_HIDDEN|CHECKING|WORK_STATUS,OBSROUTE-455a4bc378,EXPOSED_STAGE_TYPES_IN_AO30_WINDOWS_ONLY
seventeenth_share,rtc_96329b7b24bb411fb1f3d078a4d41a99,a1d9e9c7-41b1-4dbf-b94d-9490c78190a5,922,925,1,OBSERVED(2026-08-14T23:24:22.473794+00:00),OBSERVED(2026-08-14T23:24:22.473794+00:00),0,0,0,0,0,0,0,0,0,0,0,0,0,0,0.0,0.0,,,0,0,0,0,0,0,NO_STAGE_TYPE_OBSERVED_IN_AO30_WINDOWS,OBSROUTE-8c083c1873,EXPOSED_STAGE_TYPES_IN_AO30_WINDOWS_ONLY
seventh_share,rtc_1c504186e21c4dc38c153b372421c9c5,f320b30d-7d89-4adb-8ccf-9843e7751ecd,21,431,53,OBSERVED(2026-08-15T11:34:29.054008+00:00),OBSERVED(2026-08-15T12:22:59.060226+00:00),0,0,0,0,0,0,0,0,0,0,0,0,0,0,0.0,0.0,,,0,0,0,0,0,0,NO_STAGE_TYPE_OBSERVED_IN_AO30_WINDOWS,OBSROUTE-8c083c1873,EXPOSED_STAGE_TYPES_IN_AO30_WINDOWS_ONLY
seventh_share,rtc_f607bb5acc5b485eaed6b195c99959b1,3acc5444-d49d-4ee2-80b6-e6cf13f48673,440,681,34,OBSERVED(2026-08-15T12:29:15.214113+00:00),OBSERVED(2026-08-15T12:58:12.772149+00:00),35,1,2,1,3,2,2,7,0,0,2,2,2,0,121.175366,76.006204,A,A,0,0,0,0,0,0,THOUGHTS|REASONING_RECAP|PREAMBLE|TOOL|VISUALLY_HIDDEN|CHECKING|WORK_STATUS,OBSROUTE-a2cad87f19,EXPOSED_STAGE_TYPES_IN_AO30_WINDOWS_ONLY
seventh_share,rtc_ab4678bee15b4276baf1124375c8e031,fa38c3ee-ff7d-4f2d-91ee-5ebede8df1bf,690,736,2,OBSERVED(2026-08-15T13:03:38.365596+00:00),OBSERVED(2026-08-15T13:04:29.015845+00:00),0,0,0,0,0,0,0,0,0,0,0,0,0,0,0.0,0.0,,,2,0,0,0,0,0,NO_STAGE_TYPE_OBSERVED_IN_AO30_WINDOWS,OBSROUTE-8c083c1873,EXPOSED_STAGE_TYPES_IN_AO30_WINDOWS_ONLY
seventh_share,rtc_6a22953b2d324c459eeffcfc966580f3,66672d68-eb3a-423c-912a-60903ca5e54d,746,767,4,OBSERVED(2026-08-15T13:08:47.059195+00:00),OBSERVED(2026-08-15T13:11:42.653264+00:00),0,0,0,0,0,0,0,0,0,0,0,0,0,0,0.0,0.0,,,0,0,0,0,0,0,NO_STAGE_TYPE_OBSERVED_IN_AO30_WINDOWS,OBSROUTE-8c083c1873,EXPOSED_STAGE_TYPES_IN_AO30_WINDOWS_ONLY
seventh_share,rtc_bc92acddd2bb4b78a0d8801126157f44,618d063c-7519-4078-a274-bb320a2a39ca,774,842,12,OBSERVED(2026-08-15T13:12:50.773747+00:00),OBSERVED(2026-08-15T13:19:22.321781+00:00),0,0,0,0,0,0,0,0,0,0,0,0,0,0,0.0,0.0,,,0,0,0,0,0,0,NO_STAGE_TYPE_OBSERVED_IN_AO30_WINDOWS,OBSROUTE-8c083c1873,EXPOSED_STAGE_TYPES_IN_AO30_WINDOWS_ONLY
seventh_share,rtc_b4716960dd144c349161d83fd1dee7e9,af2dd43c-089f-4af0-b0fc-86f60abaaad2,845,1347,78,OBSERVED(2026-08-15T13:21:18.023598+00:00),OBSERVED(2026-08-15T14:12:13.775732+00:00),21,0,0,0,1,2,1,3,0,0,2,1,0,1,30.937759,30.937759,A,A,1,1,1,0,1,1,THOUGHTS|REASONING_RECAP|TOOL|VISUALLY_HIDDEN,OBSROUTE-d63c1a3022,EXPOSED_STAGE_TYPES_IN_AO30_WINDOWS_ONLY
seventh_share,rtc_d76a7459513844cfb7e191829e1a19d9,46ca0fec-43d9-4519-b885-6b71cfd7aba1,1350,2002,93,OBSERVED(2026-08-15T14:20:49.485477+00:00),OBSERVED(2026-08-15T16:19:00.211698+00:00),65,2,0,2,1,0,5,4,0,0,0,4,0,4,93.703696,45.922968,A,A,0,0,0,0,0,0,THOUGHTS|REASONING_RECAP|PREAMBLE|VISUALLY_HIDDEN|CHECKING,OBSROUTE-a517e7503c,EXPOSED_STAGE_TYPES_IN_AO30_WINDOWS_ONLY
seventh_share,rtc_949c126f53694242b25b8372cb85ad15,27a2abd4-e822-4ee5-aa05-2da7c37d40e0,2005,2097,2,OBSERVED(2026-08-15T16:23:34.159773+00:00),OBSERVED(2026-08-15T17:04:54.004526+00:00),51,0,2,1,0,0,1,1,0,0,0,5,0,5,131.852799,79.130878,A,A,1,1,0,1,0,1,THOUGHTS|REASONING_RECAP|PREAMBLE|WORK_STATUS,OBSROUTE-23445ac03f,EXPOSED_STAGE_TYPES_IN_AO30_WINDOWS_ONLY
seventh_share,rtc_82044b89e0ba40a8a44836d066980909,2926e79a-7012-485d-b255-f27621f44152,2098,2245,22,OBSERVED(2026-08-15T17:14:39.993645+00:00),OBSERVED(2026-08-15T17:34:28.634088+00:00),21,3,0,2,5,1,2,3,1,3,0,1,0,1,249.779635,249.779635,A,A,1,0,0,0,0,1,THOUGHTS|REASONING_RECAP|PREAMBLE|MODEL_EDITABLE_CONTEXT|SYSTEM|VISUALLY_HIDDEN|CHECKING,OBSROUTE-711a908a6b,EXPOSED_STAGE_TYPES_IN_AO30_WINDOWS_ONLY
seventh_share,rtc_6dca91c6057f4602af8e43b2b3e06c99,258ba58e-1bdd-4701-aef7-605d23fcea85,2249,3217,117,OBSERVED(2026-08-15T17:47:12.178849+00:00),OBSERVED(2026-08-15T19:39:25.885060+00:00),0,0,0,0,0,0,0,0,0,0,0,0,0,0,0.0,0.0,,,3,0,0,0,0,1,NO_STAGE_TYPE_OBSERVED_IN_AO30_WINDOWS,OBSROUTE-8c083c1873,EXPOSED_STAGE_TYPES_IN_AO30_WINDOWS_ONLY
sixteenth_share,rtc_5aa42bc023554ee7a34bfab5b5d1021d,3fc84e28-746d-4e5f-865b-f85f7c73de2f,15,397,49,OBSERVED(2026-08-10T16:36:53.579978+00:00),OBSERVED(2026-08-10T17:23:21.321432+00:00),21,0,0,0,4,1,1,0,1,3,0,1,0,1,767.310835,767.310835,A,A,1,0,0,0,0,0,REASONING_RECAP|MODEL_EDITABLE_CONTEXT|SYSTEM|VISUALLY_HIDDEN,OBSROUTE-57fe30a2de,EXPOSED_STAGE_TYPES_IN_AO30_WINDOWS_ONLY
sixth_share,rtc_a1b5c7e90d2947458d828d466500e881,d2491a11-df12-4e89-ba60-962dc98d8300,15,570,110,OBSERVED(2026-08-17T00:12:48.929024+00:00),OBSERVED(2026-08-17T02:04:06.278447+00:00),21,0,0,1,0,0,0,0,0,0,0,1,1,0,43.146335,43.146335,A,A,7,0,0,0,0,5,PREAMBLE,OBSROUTE-553114c217,EXPOSED_STAGE_TYPES_IN_AO30_WINDOWS_ONLY
sixth_share,rtc_e6e278f0c59840bca948b24a8d20fb6d,fb276836-f274-4671-9c1e-db7190590218,578,643,13,OBSERVED(2026-08-17T02:14:54.857247+00:00),OBSERVED(2026-08-17T02:26:31.922541+00:00),14,0,0,0,0,0,0,0,0,0,0,1,0,1,38.007439,38.007439,A,A,0,0,0,0,0,0,NO_STAGE_TYPE_OBSERVED_IN_AO30_WINDOWS,OBSROUTE-8c083c1873,EXPOSED_STAGE_TYPES_IN_AO30_WINDOWS_ONLY
tenth_share,rtc_efbb02e4d1754363871a5f47a925a82e,22809b45-318f-4fb1-b46d-7b60b56398be,13,42,4,OBSERVED(2026-08-14T23:25:34.019456+00:00),OBSERVED(2026-08-14T23:27:49.619289+00:00),0,0,0,0,0,0,0,0,0,0,0,0,0,0,0.0,0.0,,,0,0,0,0,0,0,NO_STAGE_TYPE_OBSERVED_IN_AO30_WINDOWS,OBSROUTE-8c083c1873,EXPOSED_STAGE_TYPES_IN_AO30_WINDOWS_ONLY
tenth_share,rtc_b5f776390f43443e88b0e2046b773a41,fe65c1a3-aa54-44b1-9d39-cfa45cb84ff8,61,676,81,OBSERVED(2026-08-14T23:29:35.363889+00:00),OBSERVED(2026-08-15T00:53:54.895701+00:00),0,0,0,0,0,0,0,0,0,0,0,0,0,0,0.0,0.0,,,4,0,0,0,0,2,NO_STAGE_TYPE_OBSERVED_IN_AO30_WINDOWS,OBSROUTE-8c083c1873,EXPOSED_STAGE_TYPES_IN_AO30_WINDOWS_ONLY
test4,rtc_d305d6313f9a4266be6da78e277c6c8c,346a5a0b-2e8c-4a6f-995e-f295e0dce039,33,496,48,OBSERVED(2026-08-13T20:46:51.955573+00:00),OBSERVED(2026-08-13T21:46:45.349625+00:00),21,1,0,1,0,0,3,3,0,0,0,1,0,1,41.684695,41.684695,A,A,1,0,0,0,0,1,THOUGHTS|REASONING_RECAP|PREAMBLE|CHECKING,OBSROUTE-b50c7dde0a,EXPOSED_STAGE_TYPES_IN_AO30_WINDOWS_ONLY
test4,rtc_534ed01ea6fc495a8407452be3bc6d85,1c682c9b-9ccc-49cc-bdd3-2666f0ebe1e0,497,1151,105,OBSERVED(2026-08-13T21:49:51.777028+00:00),OBSERVED(2026-08-13T23:45:51.989705+00:00),0,0,0,0,0,0,0,0,0,0,0,0,0,0,0.0,0.0,,,7,0,0,0,0,3,NO_STAGE_TYPE_OBSERVED_IN_AO30_WINDOWS,OBSROUTE-8c083c1873,EXPOSED_STAGE_TYPES_IN_AO30_WINDOWS_ONLY
third_share,rtc_68838024da8a4cd7aeac72f32270895b,1e2beeed-35c7-4e21-9fd1-5d277bc80c26,14,737,135,OBSERVED(2026-08-18T03:21:47.162916+00:00),OBSERVED(2026-08-18T05:18:53.379340+00:00),21,0,0,0,1,0,0,0,0,0,0,1,1,0,62.468233,62.468233,A,A,0,0,0,0,0,0,VISUALLY_HIDDEN,OBSROUTE-92614474aa,EXPOSED_STAGE_TYPES_IN_AO30_WINDOWS_ONLY
third_share,rtc_5c2b05a7b14c4312ac8468375f689ee5,a0028bc6-ecdc-4787-a009-3b7ca1e4b3ec,738,869,39,OBSERVED(2026-08-18T05:22:21.579916+00:00),OBSERVED(2026-08-18T05:54:24.099252+00:00),0,0,0,0,0,0,0,0,0,0,0,0,0,0,0.0,0.0,,,1,0,0,0,0,0,NO_STAGE_TYPE_OBSERVED_IN_AO30_WINDOWS,OBSROUTE-8c083c1873,EXPOSED_STAGE_TYPES_IN_AO30_WINDOWS_ONLY
thirteenth_share,rtc_d3e9a9fe507b48ec92266f26841b0490,c1b4e38f-3c95-4181-b541-cafe2bf954b9,13,572,96,OBSERVED(2026-08-05T10:12:52.267701+00:00),OBSERVED(2026-08-05T11:23:02.029064+00:00),26,1,0,2,0,0,1,0,0,0,0,2,0,2,1328.005552,773.242831,A,B,0,0,0,0,0,0,REASONING_RECAP|PREAMBLE|CHECKING,OBSROUTE-fba3c1ff75,EXPOSED_STAGE_TYPES_IN_AO30_WINDOWS_ONLY
twelfth_share,rtc_76adff5ae1ac48d58384f3bbd13c3d47,e11d649e-f054-402b-b066-010e64374d37,8,26,1,OBSERVED(2026-08-04T16:30:38.365118+00:00),OBSERVED(2026-08-04T16:30:38.365118+00:00),0,0,0,0,0,0,0,0,0,0,0,0,0,0,0.0,0.0,,,0,0,0,0,0,0,NO_STAGE_TYPE_OBSERVED_IN_AO30_WINDOWS,OBSROUTE-8c083c1873,EXPOSED_STAGE_TYPES_IN_AO30_WINDOWS_ONLY
twelfth_share,rtc_277bf2c5320642b582a68462e103d149,43f71d59-0118-4b54-8bd9-1f112c2e708d,32,379,57,OBSERVED(2026-08-04T16:40:02.608642+00:00),OBSERVED(2026-08-04T17:32:47.647489+00:00),21,5,1,0,0,0,0,0,0,0,0,1,0,1,31.779084,31.779084,A,B,0,0,0,0,0,0,CHECKING|WORK_STATUS,OBSROUTE-c6e8a73c42,EXPOSED_STAGE_TYPES_IN_AO30_WINDOWS_ONLY
twentieth_share,rtc_ed45b69c03a648aea04b1ee9f07310e9,ba3942ed-4d26-4bc4-8d13-0479b1a3e09b,23,291,22,OBSERVED(2026-08-12T17:15:03.550519+00:00),OBSERVED(2026-08-12T17:42:39.131582+00:00),67,0,0,0,3,1,0,0,1,2,0,12,0,12,535.967339,88.9992,A,A,0,0,0,0,0,0,MODEL_EDITABLE_CONTEXT|SYSTEM|VISUALLY_HIDDEN,OBSROUTE-4d5b3a19e3,EXPOSED_STAGE_TYPES_IN_AO30_WINDOWS_ONLY
twentieth_share,rtc_353453a5a77e4c46af5af8fb7bb9b63a,a6830805-fcb6-40c7-90e9-04ef5b7b3af5,299,403,15,OBSERVED(2026-08-12T20:25:04.655857+00:00),OBSERVED(2026-08-12T21:26:02.074322+00:00),48,4,0,3,0,2,4,4,0,0,2,3,0,3,147.905883,107.950653,A,A,0,0,0,0,0,0,THOUGHTS|REASONING_RECAP|PREAMBLE|TOOL|CHECKING,OBSROUTE-dbc178b292,EXPOSED_STAGE_TYPES_IN_AO30_WINDOWS_ONLY
twentysecond_share,rtc_3763804f2f784a26b89c1c7d1bdee18b,a7da43f3-3805-4706-9634-88f080eeb2ac,13,671,126,OBSERVED(2026-08-18T08:20:38.815197+00:00),OBSERVED(2026-08-18T10:18:02.287468+00:00),0,0,0,0,0,0,0,0,0,0,0,0,0,0,0.0,0.0,,,0,0,0,0,0,0,NO_STAGE_TYPE_OBSERVED_IN_AO30_WINDOWS,OBSROUTE-8c083c1873,EXPOSED_STAGE_TYPES_IN_AO30_WINDOWS_ONLY
twentysecond_share,rtc_4ddae641713c4bdcadac02b175175cb0,e0d38259-6ee9-46dd-a4d7-f85a457f906b,676,1466,108,OBSERVED(2026-08-18T10:22:29.439639+00:00),OBSERVED(2026-08-18T11:46:52.017965+00:00),0,0,0,0,0,0,0,0,0,0,0,0,0,0,0.0,0.0,,,0,0,0,0,0,0,NO_STAGE_TYPE_OBSERVED_IN_AO30_WINDOWS,OBSROUTE-8c083c1873,EXPOSED_STAGE_TYPES_IN_AO30_WINDOWS_ONLY
twentythird_share,rtc_4afb8c71de7044a3a7ce60cf5727910f,d8664c19-052c-4290-acac-c4c12170230f,34,773,157,OBSERVED(2026-08-18T19:02:29.807877+00:00),OBSERVED(2026-08-18T20:59:56.287046+00:00),0,0,0,0,0,0,0,0,0,0,0,0,0,0,0.0,0.0,,,1,0,0,0,0,0,NO_STAGE_TYPE_OBSERVED_IN_AO30_WINDOWS,OBSROUTE-8c083c1873,EXPOSED_STAGE_TYPES_IN_AO30_WINDOWS_ONLY
twentythird_share,rtc_1927e8aa705446fdabe31590307bf3d0,c5f8b818-0372-4aa4-b2e4-d711ec32de2d,774,792,6,OBSERVED(2026-08-18T21:04:31.302549+00:00),OBSERVED(2026-08-18T21:09:53.816007+00:00),0,0,0,0,0,0,0,0,0,0,0,0,0,0,0.0,0.0,,,0,0,0,0,0,0,NO_STAGE_TYPE_OBSERVED_IN_AO30_WINDOWS,OBSROUTE-8c083c1873,EXPOSED_STAGE_TYPES_IN_AO30_WINDOWS_ONLY
